,circle address,creator address,timeStamp
0,0x0000000000000000000000000000000000000000000000000000000001020304,0xdfdfb95cfed85320ead3713daa4f4de1f7ca05ee,2021-07-05 21:44:34
1,0x0000000000000000000000000000000000000000000000000000000001044444,0xdfdfb95cfed85320ead3713daa4f4de1f7ca05ee,2021-07-07 21:32:39
2,0x0000000000000000000000000000000000000000000000000000000001055555,0xdfdfb95cfed85320ead3713daa4f4de1f7ca05ee,2021-07-05 22:06:34
3,0x0099000000000000000000000000000000000000000000000000000001066666,0xdfdfb95cfed85320ead3713daa4f4de1f7ca05ee,2021-08-06 18:42:21
4,0x0099000000055500000000000000000000000000000000000000000001066666,0xdfdfb95cfed85320ead3713daa4f4de1f7ca05ee,2021-08-06 19:45:56
5,0x0099900000000000000000000000000000000000000000000000000001066666,0xdfdfb95cfed85320ead3713daa4f4de1f7ca05ee,2021-07-26 02:46:37
6,0x0099988880000000000000000000000000000000000000000000000001066666,0xdfdfb95cfed85320ead3713daa4f4de1f7ca05ee,2021-08-04 23:31:21
7,0x1111000000000000000000000000000000000000000000000000000001044444,0xdfdfb95cfed85320ead3713daa4f4de1f7ca05ee,2021-07-07 22:10:29
8,0x2222000000000000000000000000000000000000000000000000000001044444,0xdfdfb95cfed85320ead3713daa4f4de1f7ca05ee,2021-07-09 10:51:14
9,0x3333000000000000000000000000000000000000000000000000000001044444,0xdfdfb95cfed85320ead3713daa4f4de1f7ca05ee,2021-07-10 14:15:55
10,0x4444000000000000000000000000000000000000000000000000000001044444,0xdfdfb95cfed85320ead3713daa4f4de1f7ca05ee,2021-07-10 16:14:55
11,0x5555000000000000000000000000000000000000000000000000000001044444,0xdfdfb95cfed85320ead3713daa4f4de1f7ca05ee,2021-07-10 16:15:15
12,0x5555000000000000000000000000000000000000000000000000000001066666,0xdfdfb95cfed85320ead3713daa4f4de1f7ca05ee,2021-07-14 02:46:25
13,0x6688000000000000000000000000000000000000000000000000000001066666,0xdfdfb95cfed85320ead3713daa4f4de1f7ca05ee,2021-07-25 21:28:27
14,0x6699900000000000000000000000000000000000000000000000000001066666,0xdfdfb95cfed85320ead3713daa4f4de1f7ca05ee,2021-07-26 02:05:27
15,0x8888000000000000000000000000000000000000000000000000000001066666,0xdfdfb95cfed85320ead3713daa4f4de1f7ca05ee,2021-07-25 21:23:22
16,0x9999000000000000000000000000000000000000000000000000000001066666,0xdfdfb95cfed85320ead3713daa4f4de1f7ca05ee,2021-07-25 21:24:27
