,id,depositor,circle,amount,timeStamp
0,0xdfdfb95cfed85320ead3713daa4f4de1f7ca05ee0x0099000000000000000000000000000000000000000000000000000001066666100001627351720,0xdfdfb95cfed85320ead3713daa4f4de1f7ca05ee,0x0099000000000000000000000000000000000000000000000000000001066666,10000,2021-07-27 02:08:40
1,0xdfdfb95cfed85320ead3713daa4f4de1f7ca05ee0x0099000000000000000000000000000000000000000000000000000001066666100001628252201,0xdfdfb95cfed85320ead3713daa4f4de1f7ca05ee,0x0099000000000000000000000000000000000000000000000000000001066666,10000,2021-08-06 12:16:41
2,0xdfdfb95cfed85320ead3713daa4f4de1f7ca05ee0x009900000000000000000000000000000000000000000000000000000106666610001627348780,0xdfdfb95cfed85320ead3713daa4f4de1f7ca05ee,0x0099000000000000000000000000000000000000000000000000000001066666,1000,2021-07-27 01:19:40
3,0xdfdfb95cfed85320ead3713daa4f4de1f7ca05ee0x009900000000000000000000000000000000000000000000000000000106666610001627350360,0xdfdfb95cfed85320ead3713daa4f4de1f7ca05ee,0x0099000000000000000000000000000000000000000000000000000001066666,1000,2021-07-27 01:46:00
4,0xdfdfb95cfed85320ead3713daa4f4de1f7ca05ee0x009900000000000000000000000000000000000000000000000000000106666615001627349490,0xdfdfb95cfed85320ead3713daa4f4de1f7ca05ee,0x0099000000000000000000000000000000000000000000000000000001066666,1500,2021-07-27 01:31:30
5,0xdfdfb95cfed85320ead3713daa4f4de1f7ca05ee0x009900000000000000000000000000000000000000000000000000000106666650001627351550,0xdfdfb95cfed85320ead3713daa4f4de1f7ca05ee,0x0099000000000000000000000000000000000000000000000000000001066666,5000,2021-07-27 02:05:50
6,0xdfdfb95cfed85320ead3713daa4f4de1f7ca05ee0x0099000000000000000000000000000000000000000000000000000001066666501628120071,0xdfdfb95cfed85320ead3713daa4f4de1f7ca05ee,0x0099000000000000000000000000000000000000000000000000000001066666,50,2021-08-04 23:34:31
7,0xdfdfb95cfed85320ead3713daa4f4de1f7ca05ee0x00999000000000000000000000000000000000000000000000000000010666668001627348345,0xdfdfb95cfed85320ead3713daa4f4de1f7ca05ee,0x0099900000000000000000000000000000000000000000000000000001066666,800,2021-07-27 01:12:25
8,0xdfdfb95cfed85320ead3713daa4f4de1f7ca05ee0x33330000000000000000000000000000000000000000000000000000010444442001625937055,0xdfdfb95cfed85320ead3713daa4f4de1f7ca05ee,0x3333000000000000000000000000000000000000000000000000000001044444,200,2021-07-10 17:10:55
9,0xdfdfb95cfed85320ead3713daa4f4de1f7ca05ee0x55550000000000000000000000000000000000000000000000000000010444441001625937020,0xdfdfb95cfed85320ead3713daa4f4de1f7ca05ee,0x5555000000000000000000000000000000000000000000000000000001044444,100,2021-07-10 17:10:20
10,0xdfdfb95cfed85320ead3713daa4f4de1f7ca05ee0x668800000000000000000000000000000000000000000000000000000106666620001628276286,0xdfdfb95cfed85320ead3713daa4f4de1f7ca05ee,0x6688000000000000000000000000000000000000000000000000000001066666,2000,2021-08-06 18:58:06
