,id,requester,circle,amount,timeStamp,granted
0,0xdfdfb95cfed85320ead3713daa4f4de1f7ca05ee0x009900000000000000000000000000000000000000000000000000000106666610001628041741,0xdfdfb95cfed85320ead3713daa4f4de1f7ca05ee,0x0099000000000000000000000000000000000000000000000000000001066666,1000,2021-08-04 01:49:01,True
1,0xdfdfb95cfed85320ead3713daa4f4de1f7ca05ee0x0099000000000000000000000000000000000000000000000000000001066666101628126811,0xdfdfb95cfed85320ead3713daa4f4de1f7ca05ee,0x0099000000000000000000000000000000000000000000000000000001066666,10,2021-08-05 01:26:51,True
2,0xdfdfb95cfed85320ead3713daa4f4de1f7ca05ee0x0099000000000000000000000000000000000000000000000000000001066666111111628128356,0xdfdfb95cfed85320ead3713daa4f4de1f7ca05ee,0x0099000000000000000000000000000000000000000000000000000001066666,11111,2021-08-05 01:52:36,True
3,0xdfdfb95cfed85320ead3713daa4f4de1f7ca05ee0x00990000000000000000000000000000000000000000000000000000010666662001628041866,0xdfdfb95cfed85320ead3713daa4f4de1f7ca05ee,0x0099000000000000000000000000000000000000000000000000000001066666,200,2021-08-04 01:51:06,True
4,0xdfdfb95cfed85320ead3713daa4f4de1f7ca05ee0x00990000000000000000000000000000000000000000000000000000010666662001628128366,0xdfdfb95cfed85320ead3713daa4f4de1f7ca05ee,0x0099000000000000000000000000000000000000000000000000000001066666,200,2021-08-05 01:52:46,True
5,0xdfdfb95cfed85320ead3713daa4f4de1f7ca05ee0x009900000000000000000000000000000000000000000000000000000106666650001628041446,0xdfdfb95cfed85320ead3713daa4f4de1f7ca05ee,0x0099000000000000000000000000000000000000000000000000000001066666,5000,2021-08-04 01:44:06,True
6,0xdfdfb95cfed85320ead3713daa4f4de1f7ca05ee0x0099000000000000000000000000000000000000000000000000000001066666661628128281,0xdfdfb95cfed85320ead3713daa4f4de1f7ca05ee,0x0099000000000000000000000000000000000000000000000000000001066666,66,2021-08-05 01:51:21,True
7,0xdfdfb95cfed85320ead3713daa4f4de1f7ca05ee0x0099000000000000000000000000000000000000000000000000000001066666881628128296,0xdfdfb95cfed85320ead3713daa4f4de1f7ca05ee,0x0099000000000000000000000000000000000000000000000000000001066666,88,2021-08-05 01:51:36,True
8,0xdfdfb95cfed85320ead3713daa4f4de1f7ca05ee0x00990000000000000000000000000000000000000000000000000000010666669991628128341,0xdfdfb95cfed85320ead3713daa4f4de1f7ca05ee,0x0099000000000000000000000000000000000000000000000000000001066666,999,2021-08-05 01:52:21,True
